<?xml version="1.0" encoding="UTF-8" standalone="yes"?>
<addon id="repository.pchevallier.plugins" name="pchevallier Add-on Repository" version="1.1.3" provider-name="pchevallier">
    <extension point="xbmc.addon.repository" name="pchevallier Add-on Repository">
        <info>https://raw.githubusercontent.com/pchevallier/xbmc.pchevallier.plugins/master/addons.xml</info>
        <checksum>https://raw.githubusercontent.com/pchevallier/xbmc.pchevallier.plugins/master/addons.xml.md5</checksum>
        <datadir zip="true">https://github.com/pchevallier/xbmc.pchevallier.plugins/raw/master/plugins/</datadir>
    </extension>
    <extension point="xbmc.addon.metadata">
        <platform>all</platform>
        <summary lang="en">Install add-ons from pchevallier repository</summary>
        <description lang="en">Add-ons for Kodi</description>        
    </extension>
</addon>
